pnum,username,password,loginkey,notify
1,americiumsystems,$2a$12$fUQtSiYtyAdYh.TJPRSPb./hXT2jk3tQG6A5xExlSBzKXaKiknkNi,B41779690B83F182ACC67D6388C7BAC9,TRUE
2,marsreceiver,$2a$12$kRPKiUaajP2TQtalyGYG2.RSXUJaIaZ.zpWWDGVwlkxJg50djPRS6,E10ADC3949BA59ABBE56E057F20F883E,TRUE
3,cravenwoman,$2a$12$/hzFXFfw36z3a30NM74w8O3TB6.OnpN1WpJGSZhxUnifPcmKthVXC,827CCB0EEA8A706C4C34A16891F84E7B,FALSE
4,teeoccurs,$2a$12$ZW5R3T.JCcZHRFIvj0bxUuRw0FckNtAesou5jf.U1578ILucsBKKi,5F4DCC3B5AA765D61D8327DEB882CF99,FALSE
5,kookaburrasinus,$2a$12$GtEdHS6.AWjDh3sH5O/C0.VO0lCDUrnihy8wtU4Htu/YxMMgzJq3.,5B39C8B553C821E7CDDC6DA64B5BD2EE,TRUE
6,idealisticwigga,$2a$12$ZmznIwmpM0rLB2mQwc389u/aeNDFaNV4/jGpD9l1BoG/1YtFgiDKW,25F9E794323B453885F5181F1B624D0B,TRUE
7,stokecityscape,$2a$12$LIJnIvNcJ.I.l1ObBVyplOe2/53YAHljMyNGSI6GB2jfJK8Lec2wu,D8578EDF8458CE06FBC5BB76A58C5CA4,FALSE
8,marinatedrighteous,$2a$12$UMzerfbbj9KGueuFCARrE.LuSRAsWyUI32JYzBlABCb0jw/i0E4a2,25D55AD283AA400AF464C76D713C07AD,TRUE
9,rightscareers,$2a$12$UtZy7uU14KuQ.yqsYMGImub6fSzR.6Bg9YobLG1PHlsAREvBaKjCW,E99A18C428CB38D5F260853678922E03,FALSE
10,tackylets,$2a$12$Qx/qeB56Ql0qn.DrlhhL7u87IJ/DCTMsvbtaZZonMEsMN4t881I36,ACC6F2779B808637D04C71E3D8360EEB,TRUE
11,bloodmew,$2a$12$wJdYnvr/pLDa9ISjtMHDHurjyCGMDDA.Rh.Mi01Lgv3zZlSPbiUqa,FCEA920F7412B5DA7BE0CF42B8C93759,FALSE
12,helperdeadline,$2a$12$cvvSAoxwOAH.C.v1CQvTJO3HYbwy/7d/.1pLwhd2u8xWhJDNIB.Ii,7D0710824FF191F6A0086A7E3891641E,FALSE
13,livingimprove,$2a$12$xTQU.i8CaTGtxyZ4qplEA.RTCuc9lJ08cat71niKCeoQAwtfh7mn6,ADFF44C5102FCA279FCE7559ABF66FEE,TRUE
14,beaverocculation,$2a$12$iEBwyt2/xFf.1x6wO19j3.NrnKXUS8sJQ3W0y1c3vTPXypPjT8TWu,79CFDD0E92B120FAADD7EB253EB800D0,FALSE
15,queermisty,$2a$12$taEBu5wkzeGHUBH/1cr1YOxJ5bs5YvX.taX/D7L32sHmy9E5L.gqW,37B4E2D82900D5E94B8DA524FBEB33C0,TRUE
16,sepsisbeing,$2a$12$n8sy8hs.SXpS4Dv0KgfJ4OWX4FcRMktwe8tP5drxEX6uFZVOxFyLO,276F8DB0B86EDAA7FC805516C852C889,FALSE
17,duringcartoon,$2a$12$PIuCYxgzf0SK1Iyk/HFp4.RZb8Z60wjx2j3/PhYrxwIn.oVBi1Tp.,596A96CC7BF9108CD896F33C44AEDC8A,TRUE
18,pegworried,$2a$12$h4Oy4JnJUtpc11JYrpZbK.S5RsfYABYCECMe/GJuNWVBoIV77FqRu,96E79218965EB72C92A549DD5A330112,TRUE
19,treaclereturn,$2a$12$EcgUAjPToHK07yLWbtoEGe/Px.dBUOuoLMSY0JgeV./Ktz4V2AH1a,E807F1FCF82D132F9BB018CA6738A19F,FALSE
20,obligingmensa,$2a$12$reQ6v1hK5p8amWh0LsXZR.3kG/4bQ7v9RxohIJTS4sNGQwdethEka,C78AF8F7DC3876F6D872B5BE5568F9BF,TRUE
21,foldsyphilis,$2a$12$hdyrU8sN2qrLM2QU6p/1r.DEYQ4nkhgZhjA1RpEN7YbRUU.QGE.Qy,7C6A180B36896A0A8C02787EEAFB0E4C,FALSE
22,rookpaying,$2a$12$g64sU1F7ZkpCJ.G7lrYVBO6HpFievEOhGHrnkqEFZNB.0rBGKTbNa,B3B7ECA0709C3C25E677677937E8F609,TRUE
23,rightfulkindle,$2a$12$fgvph9PCd7C33Y0AAtguDOraqeJJacYHvSiu/OPZFhleT6R.jImBq,0B9A54438FBA2DC0D39BE8F7C6C71A58,FALSE
24,menacingderive,$2a$12$nAAjAkRISXRQfRZxFJf4L.PUJAy8/o0pxJHK7zL3hQKd39EFTUMDS,84D961568A65073A3BCF0EB216B2A576,FALSE
25,zombielick,$2a$12$o9pdMHE0uQ2qDZzMde8bAuJkgQeDiFPmgOObUwPLEwrDgX3AbM2Uu,BEE783EE2974595487357E195EF38CA2,FALSE
26,urchincheer,$2a$12$AdUkw/sPw5f8HNcNAciAw.dGwcIl2Hk7hUmW0W8vgNgE8KLn8VZ9.,EF4CDD3117793B9FD593D7488409626D,FALSE
27,signalerdatatype,$2a$12$3Er8F2e9plk2ZjM8WiLqDueZbXxcxwTKBaDBtlpzClayVNrgDiZee,33A269895846AA3D44384AA89E15A439,TRUE
28,crocodilesmetrics,$2a$12$06tA6Nkj3DqHnb3Dj.Ktwe.layZ1JCAZSjBFDSQf2AKRMMecR4frG,4297F44B13955235245B2497399D7A93,TRUE
29,outdatedrelish,$2a$12$zOzCqFRdke8uTx4aavvb.uqTEJO3KLKPwuCzmE/85mZQpjso.faTC,5D41402ABC4B2A76B9719D911017C592,FALSE
30,bimbolacrosse,$2a$12$Y20AT/YUXIXGuKsNr6HS0e5znAYS0dRrQWOs0mAghf2Gs0nMS5vbi,D0763EDAA9D9BD2A9516280E9044D885,TRUE
31,flowingmar,$2a$12$NGLjKQ1tV9kHsz6W/buGR.b7eDBG5LLxmGs0r7D9rqrjNCrqw1vEa,EF774AE81724D5F54A30CEA429B47EBA,TRUE
32,weakestdartford,$2a$12$Tr8TP4hKbHC7vPghvLWxQue/Bq2SpxkoMHwQ5.ah6yp8gEk7NNlNq,DF0349CE110B69F03B4DEF8012AE4970,FALSE
33,achefevers,$2a$12$EEgjCWmA.CkCDr.qbGObHusa7iSwhpTl9wQlyNAZR5tcCrMTaIzHy,0D107D09F5BBE40CADE3DE5C71E9E9B7,FALSE
34,fieldingforegoing,$2a$12$sLBE67R72VibeKmMg1cwAuBq.7n4g64Raqz3yVVfFxmfKWYwMcECq,B0BAEE9D279D34FA1DFD71AADB908C3F,TRUE
35,humeamuse,$2a$12$jsteXQVQNBRgtR2iQo28meE5uhPCgQ0wquUC98beFLhbTVGqmeRjS,DA443A0AD979D5530DF38CA1A74E4F80,FALSE
36,threatengrinding,$2a$12$.yqmbUfTiyh9HyeoMH10zeFW.Kju42YJQ5WuprIJPDHPZNNgInwZW,53FA96B4860B81343F162AD8016FB3B8,FALSE
37,oftenminger,$2a$12$VbxU0Osr5vF6NbrVl9Wb/.eBR0YgWuCOOATd3nZytxgE5jJaRKM5C,71E0FBA50C7F05010878ED7D1D1D07A9,FALSE
38,napgrate,$2a$12$lzHi38LHnLFbNODH/6AAVexhoAvinzLwpVXPO0sv4wYjE3PZpt22m,6B1B36CBB04B41490BFC0AB2BFA26F86,FALSE
39,pastillesemployee,$2a$12$10LLXANaEGxvn33wy7HXEu5i6W3vEfAi4tls8eHYx4bHnzi6IustG,3BF1114A986BA87ED28FC1B5884FC2F8,TRUE
40,unitscatalytic,$2a$12$TCccLlLlkCdyVhzs0SXOkOPWJthIxbUoOTqJ0Y1/jLcpplrp9Ae.W,0ACF4539A14B3AA27DEEB4CBDF6E989F,TRUE
41,gyrushandlers,$2a$12$PY/adt8VDber29RUy58ype5BcFDWCLLRxZaRBl3aj3vwvlHuZgQVi,93279E3308BDBBEED946FC965017F67A,FALSE
42,winebohr,$2a$12$78nH6rUN85b062GSJmC/seTqUXdKxxAfjlw0U9XLqYKDWS8GEweEK,F379EAF3C831B04DE153469D1BEC345E,FALSE
43,dopeyclub,$2a$12$BzI6e0cHxdi8Sr9F/sUxiu0XdqznivRwgMMkze95yVIKITmNkq/aO,F25A2FC72690B780B2A14E140EF6A9E0,FALSE
44,kissingplanck,$2a$12$cCb3KUiny2HfNRo8tBrYxuKioAL/VvJ77fwkYbNZXDzIOkmiftIcW,6EEA9B7EF19179A06954EDD0F6C05CEB,TRUE
45,compoundpascals,$2a$12$vFBvZh9s4DReYjwYycVgYewgmOsCLH2E/rmefslJbcA2TIl7oFmMW,5EBE2294ECD0E0F08EAB7690D2A6EE69,TRUE
46,mandolinemaple,$2a$12$K9JFmAPIOFMrJpH5WXYxluZzSkVcExZ7KgmE9MbjZ3MQ2uLwe4X3a,D9B23EBBF9B431D009A20DF52E515DB5,TRUE
47,oinkercheat,$2a$12$I10bu7qXKUcykEjXyD0WvOyk7Fxm7aUk/QmmGdI.uZbGakrIO6S/u,A11C1E7006223A2A80BD295E96566D6E,FALSE
48,dovecockamamie,$2a$12$401RTJQg8U1g7yqVctm8huNoXzDElF1dzFofG.dEJpiAHFDeqsgFq,D16D377AF76C99D27093ABC22244B342,TRUE
49,sheathwit,$2a$12$cv2fKOqCchUcoeOtWzwUFuU7GMY6VLcZcHO34DU2pFhcTcbI31lmO,85CF4E6D42A71E693FD780C8B29ACCDD,FALSE
50,meteoroideducated,$2a$12$P0KbYC.lbOzEyuv6vlOKiOQeTJGYxAxeNJJXtxwfnrjNlyNdBjkee,02C75FB22C75B23DC963C7EB91A062CC,FALSE
51,embeddedfartlek,$2a$12$U0mBAclvSgKe1G4O5OjsmOCBL0ErO3.lyOLkCxBqF.3WELiAAqLzm,C44A471BD78CC6C2FEA32B9FE028D30A,TRUE
52,puffpascal,$2a$12$ZxzS1GON9H3k4wAdnsm0FeoR.iRFumd6PX7bGrpUPP5df/9tlEcgu,7D83778AC1E89412DE7BAD3E3470DC21,FALSE
53,webglharass,$2a$12$1whRP1GdLRsctKFs4nxEH.CF2af0qpp6mPfzGfG2jSL5XAElH/KAm,8621FFDBC5698829397D97767AC13DB3,TRUE
54,forwardwaggler,$2a$12$w9iG2MSu2nXMlehLh3BFWO07tP6ubWwdPsLLz6.4Fmakx7FlOCMhW,6C44E5CD17F0019C64B042E4A745412A,FALSE
55,coteriebooby,$2a$12$nwR0y3UqqjUPtE4YxY5lNeUYewdZP8Od4k4IFnBl//a8OJvEu6oDi,D177B4D1D9E6B6FA86521E4B3D00B029,FALSE
56,assurechance,$2a$12$SDq7a0w/JDSPRqQtgLHPKeN3l2czTgi/xXwpQ2Wl1nTHIZyo2aht2,D344C7E7F54AC73CF730FD91FAF6391B,FALSE
57,moderatoprobably,$2a$12$Mx2Mfnv739CMzPAubfQb.OfmlNHJaKr8K.USpRyC2lNoNLqOkiGN6,0571749E2AC330A7455809C6B0E7AF90,TRUE
58,periodscleavage,$2a$12$46pYjNH8EzBgdUDvXLGnfub97Ah6.fqxoJ2hcjVZerpWPF7U./IQC,1D10CA7F8FE2615BF72A249A7D34D6B9,FALSE
59,leagueseafowl,$2a$12$JbuZRa8ICEFNP4LowH4jAOvkVUVfcZ5Jj2kSC1zEGDgcO58q9PMOK,040B7CF4A55014E185813E0644502EA9,FALSE
60,eructationpeaceful,$2a$12$VNVyisgsPEz.olA/sEDyteONtGM8Zo3x4Eoz/FFYO8aYEBh.ZbhDe,D5AA1729C8C253E5D917A5264855EAB8,TRUE
61,mutationlaminitis,$2a$12$RFEgKTa5Tv8gQg5gH/swvOX.dMGqnMjKBCrazusTbInT10lWd6fBe,EC0E2603172C73A8B644BB9456C1FF6E,FALSE
62,discoveredtrophic,$2a$12$is.Irp8fXAGKwSHCldosM.u4Rv0ksYg.2Sg8EllQ9qBJKUTOtFpXO,008C5926CA861023C1D2A36653FD88E2,FALSE
63,waggertedious,$2a$12$Owk9Qa/Iwjs2nRnUkMjSbu8hPg9nBx5VsjIW3kGqTp95T1kVgZajS,BF779E0933A882808585D19455CD7937,FALSE
64,codelevelsmic,$2a$12$I629MJ69lTxNNwah3Sjv1.hogTounCp9zPRCumHRynk1bhQVrOLIm,2AEE1C40199C7754DA766E61452612CC,TRUE
65,twelveethics,$2a$12$FOvv7Fm54GnYFJhGwI0zUOGziwnjnRdXe4vLST7jiMeR3EPxQ6T2m,9726255EEC083AA56DC0449A21B33190,FALSE
66,keywordswalker,$2a$12$aeSgJTY5hB8b84haw3r52.7nLyo3bvrGpzQqnq8MRt0.L.0Fv/f/C,B3F952D5D9ADEA6F63BEE9D4C6FCEEAA,FALSE
67,defensefulmar,$2a$12$tn7yb59qZXULk3zuzi7/u.WYilro8MJaTDf6BxjZODIzjV.oMVv4W,AAE039D6AA239CFC121357A825210FA3,FALSE
68,vrake,$2a$12$FbiW8.ZDcbi4fKh7zFeYnug6WSG0GoiMRWqJj1Qd88sMxYRFQueAi,5EECBB7938F271B163960847922A24A5,FALSE
69,shoulderssoldier,$2a$12$nyrm0zMfg4nYZ/dOmmPJj.lpncXd6UwnLewy9.1uGqgVMoB.HAkeW,6A204BD89F3C8348AFD5C77C717A097A,TRUE
70,biotichonky,$2a$12$X9SDV2mj1Hxcz9BtltpN8.79dQ7zuxMsLhOoNFUQGTW0aVNn53iLK,1C63129AE9DB9C60C3E8AA94D3E00495,TRUE
71,soloingstudying,$2a$12$SDl3IZsWlqlkOuoDvE/cq.nPgRbsSQBGtlw/wEh4v7ZD8EvB6.us6,6EBE76C9FB411BE97B3B0D48B791A7C9,TRUE
72,falabellacompounds,$2a$12$e1Ri.oRGKg7bDfRbOFwIQexuRHRKEMbDlkG7KLf30//i5Q2Yvz0e2,D914E3ECF6CC481114A3F534A5FAF90B,FALSE
73,unwieldyhighland,$2a$12$qKSpWDfdv973bVZKosU9GeQsuWzcgl10aA5suzlqbBr/lp6W.OtHW,76419C58730D9F35DE7AC538C2FD6737,FALSE
74,humanomniscient,$2a$12$ZP9JEYKVEx1FAevugJ4NKOrAd9Cb3qkRinz1d1jRgwFvL02kFcYZa,09F8316E29649A7F795F414BA3860FC0,TRUE
75,wallabyieslabel,$2a$12$wH/EqvKKpIhHolQxji6B4.oNTNb.JT3rRg4DMtJ5wcbKvBJtOacbG,C5FE25896E49DDFE996DB7508CF00534,TRUE
76,neuromafrighten,$2a$12$GRzCHbfgCMT5Z01hJ/FvUerwxY9oPHB1OGKarcxXCWUkfihIB8e/S,E04755387E5B5968EC213E41F70C1D46,TRUE
77,doughyklutz,$2a$12$ZaIEWwJ6gNO8tEN1UXO79egWpBGWw47dmJsVeP8ipJTiORgThEmNu,E19D5CD5AF0378DA05F63F891C7467AF,TRUE
78,diaminetundra,$2a$12$JnlVg3ILcl8fduLvdsWM4eHAfmEo2UOLJQBKECF0CrV.WCTQf3Oja,65FBEF05E01FAC390CB3FA073FB3E8CF,FALSE
79,fobcholera,$2a$12$E4UqkAfFeHx1tHe0l6yWY.x2hODI7frWIH/HA9lF4mQXCOeUsXKjq,37430A92973D1ADCA9934F0A5ECC53D2,TRUE
80,beganlemongrass,$2a$12$69b44DFlY5PsGwDDPIl/juMlTJ.5GjcttQ9Tq2ucLVP9nr1MWuzza,A152E841783914146E4BCD4F39100686,TRUE
81,rabbitsfooteritrean,$2a$12$VsqGg1YA5EJ9ZR3M81tUieDPaxzLFe/aIGs5Rh/8cw958xEkpboPu,1660FE5C81C4CE64A2611494C439E1BA,FALSE
82,balmenthralled,$2a$12$7hUtIyW4F5/dqPQv/EKb0ul1Kz7XLgyAIWHoWB65T5ihFowSwcURy,B36D331451A61EB2D76860E00C347396,TRUE
83,growsafety,$2a$12$RPVGvPsnXxpYbKgpFMzxm.gXDmGctPtoaaEHUxPQwY.HtZ3AynzKS,72A97FB793D496318518AEBC7E9298B2,TRUE
84,uneaserampallian,$2a$12$lufbR3/K4uydxvSx6ilpXeM1WZ0ypqtBwS9O7DePeDOEo.1fHIoCC,EB0A191797624DD3A48FA681D3061212,TRUE
85,boxingquadrat,$2a$12$NfZlYvl4xNx02s8HGHsvkO9MX/hXh6bgaifSmz8rhF44mELHLc8vC,1C885E23B850F482244D2D726DCCDF19,TRUE
86,minusmusic,$2a$12$37pq8nEoTLS3.OfDOGeXrO9aS67vHqNmjhtR8YrwxovxkWV43CBci,684C851AF59965B680086B7B4896FF98,TRUE
87,portfoliohematoma,$2a$12$k4Q6ZVw55/FRg8uno4vqdeDd61KYhnzkQyPBhq4BlHcUaxAU.Fffi,1D3D37667A8D7EB02054C6AFDF9E2E1C,FALSE
88,personalingot,$2a$12$ttE8M5AM3L2NUaRzgRAWpud6Cy.zc/yPtJQvMgZNNjWnhiIc.WrGe,F8905F5D07A2C615F3C94D898B872443,TRUE
89,graftgranite,$2a$12$ShTrfnO.o5EP9X1nn4ekxOUrLdAjjUmHtTXNlbX3yI1Wi8IWe9M.6,EF6E65EFC188E7DFFD7335B646A85A21,FALSE
90,graduateswhispered,$2a$12$ccaKiDN8kf4uiA1qu2290e/43cVZGBcLz//uuTFctjZd56G2T6lhO,9B306AB04EF5E25F9FB89C998A6AEDAB,FALSE
91,laughcity,$2a$12$bL4x2pmSNcUzMyXNA8pSweJ8ZAqUYwPwgKo62sx6KSbMyOXdwZOra,E6A5BA0842A531163425D66839569A68,FALSE
92,outsidersduring,$2a$12$jQXOwbeUDrKwDcRJiFUxNejFv1Z8jo5MnJnYtSdljhNGFeNJgi5r6,DC0FA7DF3D07904A09288BD2D2BB5F40,FALSE
93,iceskatesindelible,$2a$12$i.M06pvVHM.NxJO1SN4cL..46x/.UsyNsiDHNN25ejj6gqsJ9QKF6,6209804952225AB3D14348307B5A4A27,TRUE
94,petiteten,$2a$12$aqMxOX.te9u9yyC1bD4saOum1AtwdlizzLg1Gdo6BdUqxwi6QNbMC,6B1628B016DFF46E6FA35684BE6ACC96,FALSE
95,numbdirect,$2a$12$utYf.RxsKb9hsN4f1sRg4.BHHFvJWxk2l6jcirdH3b5HgZ43ldPf6,A384B6463FC216A5F8ECB6670F86456A,TRUE
96,incisivesticks,$2a$12$mhDJ7yqxo/SY6g4qdSWqVur5LdiGxOP.FAp5iiNKvynwXdHys1L9O,8AFA847F50A716E64932D995C8E7435A,FALSE
97,abutardy,$2a$12$4CilUdBSPP5S8U0U6iyk4efdku3AymZJ2g2qdM.zroBIFppExMnJK,AD92694923612DA0600D7BE498CC2E08,FALSE
98,alertsbevvy,$2a$12$FEcfsaBo/FW6eUf2fX13l.nIc4zxyjCgMFN15S250B64f.LjUAPfq,FD820A2B4461BDDD116C1518BC4B0F77,FALSE
99,waterskin,$2a$12$ERhUAUNvtWPNNn8aKyh.Ru/Ly58Z0DG4k37q/nonvbc/21GQf2rMm,D1DE459D7939792B14638CF06DCF2FCA,FALSE